{"cameraMode":{"drawMode":0,"name":"Shaded","section":"Shading Mode"},"sceneLighting":false,"audioPlay":false,"sceneViewState":{"showFog":true,"showMaterialUpdate":false,"showSkybox":true,"showFlares":true,"showImageEffects":true,"showParticleSystems":true},"in2DMode":false,"pivot":{"x":-4.789999961853027,"y":0.47999995946884158,"z":4.71999979019165},"rotation":{"x":-0.2711479961872101,"y":-0.03839598223567009,"z":0.01082534808665514,"w":-0.9617106318473816},"size":2.429202079772949,"orthographic":false}