{"cameraMode":{"drawMode":0,"name":"Shaded","section":"Shading Mode"},"sceneLighting":false,"audioPlay":false,"sceneViewState":{"showFog":true,"showMaterialUpdate":false,"showSkybox":true,"showFlares":true,"showImageEffects":true,"showParticleSystems":true},"in2DMode":false,"pivot":{"x":4.679999828338623,"y":0.7300000190734863,"z":-3.7300000190734865},"rotation":{"x":-0.2508547604084015,"y":-0.18250155448913575,"z":0.04821909964084625,"w":-0.9494419693946838},"size":4.001037120819092,"orthographic":false}